passes,time_seconds
1,0.011182785034179688
10,0.04242062568664551
100,0.38175177574157715
1000,3.9058194160461426
10000,42.28969979286194
